City ID,City,Latitude,Longitude,Maximum Temperature,Humidity,Cloud Cover,Wind Speed,Country,Date
0,seymchan,62.88,152.43,286.04,63,98,1.68,RU,1593976689
1,busselton,-33.65,115.33,286.48,80,0,6.12,AU,1593976689
2,hobart,-42.88,147.33,282.59,87,90,2.32,AU,1593976690
3,ushuaia,-54.8,-68.3,274.15,74,75,0.93,AR,1593976455
4,punta arenas,-53.15,-70.92,274.15,88,40,3.6,CL,1593976450
5,silopi,37.25,42.47,303.25,29,1,3.34,TR,1593976690
6,angoche,-16.23,39.91,294.53,79,11,4.36,MZ,1593976690
7,la cruz,23.92,-106.9,304.13,62,40,3.38,MX,1593976690
8,rikitea,-23.12,-134.97,295.58,76,93,4.16,PF,1593976690
9,bambanglipuro,-7.95,110.28,296.99,88,73,2.4,ID,1593976690
10,puerto ayora,-0.74,-90.35,300.15,57,20,9.3,EC,1593976691
11,wonosari,-7.97,110.6,295.69,90,48,1.88,ID,1593976691
12,mishan,45.55,131.88,289.85,94,100,2.42,CN,1593976691
13,san cristobal,7.77,-72.22,305.15,46,40,7.7,VE,1593976691
14,kapaa,22.08,-159.32,301.15,74,40,5.7,US,1593976651
15,kutum,14.2,24.67,301.71,35,71,2.85,SD,1593976691
16,cordoba,-31.41,-64.18,288.15,42,0,3.6,AR,1593976436
17,kaitangata,-46.28,169.85,283.15,90,100,5.81,NZ,1593976691
18,tezu,27.92,96.17,297.7,81,100,1.2,IN,1593976691
19,trairi,-3.28,-39.27,301.47,66,0,4.93,BR,1593976691
20,port alfred,-33.59,26.89,290.37,87,100,2.24,ZA,1593976691
21,san andres,12.58,-81.7,303.15,79,40,5.7,CO,1593976692
22,inhambane,-23.86,35.38,289.15,87,0,2.8,MZ,1593976692
23,bara,10.37,10.73,301.92,59,55,3.54,NG,1593976692
24,port elizabeth,-33.92,25.57,289.15,87,100,6.2,ZA,1593976692
25,butaritari,3.07,172.79,301.49,76,7,5.1,KI,1593976692
26,valreas,44.38,4.99,304.15,40,4,8.7,FR,1593976692
27,balikpapan,-1.27,116.83,296.63,93,100,2.7,ID,1593976692
28,laguna,38.42,-121.42,305.37,33,1,2.1,US,1593976692
29,smiths falls,44.9,-76.02,303.71,52,100,0.45,CA,1593976452
30,cape town,-33.93,18.42,288.15,93,100,3.6,ZA,1593976373
31,hermanus,-34.42,19.23,286.48,93,100,2.47,ZA,1593976693
32,shimoda,34.67,138.95,294.82,93,100,6.41,JP,1593976693
33,coihaique,-45.58,-72.07,276.15,74,75,1.5,CL,1593976693
34,bambous virieux,-20.34,57.76,296.15,83,75,4.1,MU,1593976693
35,norman wells,65.28,-126.83,285.15,76,90,1.5,CA,1593976693
36,mataura,-46.19,168.86,278.59,96,100,0.05,NZ,1593976693
37,noyabrsk,63.2,75.45,290.16,61,70,3.37,RU,1593976693
38,shingu,33.73,135.98,295.38,95,100,2.2,JP,1593976693
39,saint-augustin,51.23,-58.65,289.55,63,15,5.04,CA,1593976694
40,sao geraldo do araguaia,-6.4,-48.55,306.28,39,0,2.31,BR,1593976694
41,husavik,66.04,-17.34,281.15,75,75,8.2,IS,1593976694
42,arraial do cabo,-22.97,-42.03,297.15,73,0,7.7,BR,1593976694
43,bredasdorp,-34.53,20.04,284.15,93,100,2.6,ZA,1593976694
44,tayu,-6.54,111.05,298.25,80,88,3.2,ID,1593976694
45,kahului,20.89,-156.47,303.15,51,20,4.6,US,1593976694
46,altamira,-3.2,-52.21,306.15,46,40,2.6,BR,1593976410
47,nha trang,12.25,109.18,301.15,88,20,1.0,VN,1593976694
48,ponta delgada,37.73,-25.67,295.15,78,40,5.7,PT,1593976694
49,atuona,-9.8,-139.03,299.15,80,43,9.83,PF,1593976695
50,pacific grove,36.62,-121.92,297.04,68,1,5.1,US,1593976695
51,tuktoyaktuk,69.45,-133.04,278.15,93,90,4.1,CA,1593976695
52,suixi,33.89,116.77,297.83,89,7,1.42,CN,1593976695
53,imbituba,-28.24,-48.67,294.15,64,84,2.1,BR,1593976695
54,esperance,-33.87,121.9,286.15,50,100,6.7,AU,1593976695
55,ola,59.58,151.28,283.63,77,100,0.94,RU,1593976695
56,saskylakh,71.92,114.08,278.76,76,100,5.76,RU,1593976696
57,caucaia,-3.74,-38.65,302.15,62,26,5.7,BR,1593976696
58,carpenedolo,45.36,10.43,302.15,51,0,1.5,IT,1593976696
59,palu,-0.89,119.87,296.65,81,51,1.24,ID,1593976696
60,blagoyevo,63.37,47.92,292.23,71,100,2.39,RU,1593976696
61,thompson,55.74,-97.86,301.15,39,90,3.6,CA,1593976696
62,dumas,35.87,-101.97,302.59,54,1,2.6,US,1593976597
63,solnechnyy,50.72,136.63,285.65,88,97,2.48,RU,1593976696
64,cabo san lucas,22.89,-109.91,307.15,38,5,8.2,MX,1593976696
65,nikolskoye,59.7,30.79,291.15,88,75,5.0,RU,1593976697
66,ilulissat,69.22,-51.1,281.15,70,75,1.5,GL,1593976604
67,amahai,-3.33,128.92,299.82,95,70,0.45,ID,1593976697
68,dafeng,23.45,108.59,298.59,88,100,2.36,CN,1593976697
69,muros,42.78,-9.06,298.71,56,39,6.26,ES,1593976697
70,kuminskiy,58.67,66.57,289.57,80,42,1.29,RU,1593976697
71,san patricio,19.22,-104.7,306.15,66,20,5.1,MX,1593976697
72,qaanaaq,77.48,-69.36,279.42,63,99,0.91,GL,1593976697
73,celestun,20.87,-90.4,304.2,59,47,3.46,MX,1593976697
74,komsomolskiy,40.43,71.72,296.15,38,12,4.1,UZ,1593976698
75,barbosa,5.93,-73.62,295.05,75,82,1.41,CO,1593976698
76,northam,51.03,-4.22,288.71,80,67,6.26,GB,1593976698
77,havre-saint-pierre,50.23,-63.6,291.15,72,1,5.7,CA,1593976698
78,faanui,-16.48,-151.75,299.26,79,21,9.44,PF,1593976698
79,mindelo,16.89,-24.98,301.15,58,20,9.3,CV,1593976698
80,goderich,43.75,-81.72,299.82,72,100,1.79,CA,1593976698
81,naze,28.37,129.48,300.15,100,100,5.1,JP,1593976698
82,kapit,2.02,112.93,296.12,91,93,0.35,MY,1593976698
83,castro,-24.79,-50.01,292.65,67,53,3.77,BR,1593976698
84,kirando,-7.42,30.6,296.77,49,23,2.03,TZ,1593976699
85,hasaki,35.73,140.83,296.15,100,75,3.6,JP,1593976699
86,saint-philippe,-21.36,55.77,292.15,82,40,2.6,RE,1593976699
87,carnarvon,-24.87,113.63,290.15,100,0,1.5,AU,1593976699
88,nautla,20.22,-96.78,305.14,57,6,4.73,MX,1593976699
89,juazeiro,-9.41,-40.5,302.15,54,75,6.7,BR,1593976699
90,robertsport,6.75,-11.37,298.63,77,84,4.21,LR,1593976699
91,longyearbyen,78.22,15.64,282.15,76,75,8.2,SJ,1593976699
92,zhezkazgan,47.8,67.71,293.34,45,0,3.94,KZ,1593976700
93,tazovskiy,67.47,78.7,283.37,97,0,4.47,RU,1593976700
94,lompoc,34.64,-120.46,298.15,56,0,6.7,US,1593976521
95,dikson,73.51,80.55,283.25,66,100,7.41,RU,1593976700
96,georgetown,5.41,100.34,299.15,100,20,1.37,MY,1593976700
97,hithadhoo,-0.6,73.08,302.9,74,100,7.71,MV,1593976700
98,abonnema,4.71,6.79,297.15,88,75,1.5,NG,1593976700
99,honiara,-9.43,159.95,296.15,100,75,1.0,SB,1593976700
100,banda aceh,5.56,95.32,299.89,78,0,3.23,ID,1593976700
101,albany,42.6,-73.97,305.93,33,75,3.1,US,1593976701
102,glendive,47.11,-104.71,302.15,37,40,4.6,US,1593976701
103,maputo,-25.97,32.59,293.15,93,0,0.5,MZ,1593976701
104,katherine,-14.47,132.27,286.15,47,0,2.6,AU,1593976701
105,bluff,-46.6,168.33,282.47,88,100,8.31,NZ,1593976701
106,shubarshi,48.59,57.19,299.96,39,0,2.36,KZ,1593976701
107,provideniya,64.38,-173.3,281.15,93,90,3.0,RU,1593976701
108,jamestown,42.1,-79.24,302.04,34,1,2.6,US,1593976426
109,beringovskiy,63.05,179.32,280.4,91,75,5.88,RU,1593976701
110,malamig,12.95,121.37,297.81,82,65,1.0,PH,1593976701
111,saint-pierre,-21.34,55.48,292.15,82,40,2.6,RE,1593976702
112,vila velha,-20.33,-40.29,297.59,73,40,3.6,BR,1593976702
113,newport,51.59,-3.0,289.26,75,17,1.79,GB,1593976532
114,ribeira grande,38.52,-28.7,297.15,60,20,5.7,PT,1593976702
115,east millcreek,40.7,-111.81,304.26,23,1,3.34,US,1593976474
116,iqaluit,63.75,-68.51,279.82,100,90,2.1,CA,1593976702
117,ban dung,17.7,103.26,298.2,91,100,0.93,TH,1593976702
118,port hardy,50.7,-127.42,288.15,82,20,3.1,CA,1593976702
119,geraldton,-28.77,114.6,288.15,87,75,3.1,AU,1593976702
120,aklavik,68.22,-135.01,278.15,86,90,5.7,CA,1593976702
121,acarau,-2.89,-40.12,302.02,65,0,5.77,BR,1593976703
122,springdale,36.19,-94.13,303.71,94,75,3.1,US,1593976659
123,mareeba,-17.0,145.43,293.15,64,75,5.1,AU,1593976703
124,buchanan,5.88,-10.05,299.15,83,75,2.1,LR,1593976703
125,qui nhon,13.77,109.23,299.6,83,93,2.17,VN,1593976425
126,tasiilaq,65.61,-37.64,281.15,49,0,12.3,GL,1593976703
127,khatanga,71.97,102.5,283.31,60,0,7.69,RU,1593976704
128,nhulunbuy,-12.23,136.77,297.15,64,90,7.7,AU,1593976704
129,dosso,13.05,3.19,305.98,41,0,3.41,NE,1593976661
130,katsuura,35.13,140.3,298.15,92,100,2.68,JP,1593976705
131,haimen,23.19,116.61,300.15,94,100,4.1,CN,1593976705
132,vestmannaeyjar,63.44,-20.27,286.15,76,20,6.2,IS,1593976705
133,kodiak,57.79,-152.41,285.15,93,90,2.1,US,1593976705
134,mokrousovo,55.81,66.77,289.31,79,0,2.01,RU,1593976705
135,luganville,-15.53,167.17,298.15,88,90,4.1,VU,1593976705
136,kavieng,-2.57,150.8,300.99,73,99,3.63,PG,1593976705
137,yellowknife,62.46,-114.35,291.15,52,75,7.2,CA,1593976705
138,ponta do sol,32.67,-17.1,295.93,61,0,2.33,PT,1593976706
139,vaini,-21.2,-175.2,296.15,88,75,3.6,TO,1593976706
140,kenora,49.82,-94.43,303.15,62,75,3.1,CA,1593976706
141,potosi,-19.58,-65.75,286.16,22,0,2.3,BO,1593976706
142,new norfolk,-42.78,147.06,282.04,79,98,0.45,AU,1593976706
143,upernavik,72.79,-56.15,278.43,88,100,1.78,GL,1593976706
144,vostok,46.49,135.88,287.93,100,100,1.91,RU,1593976706
145,egvekinot,66.32,-179.17,282.66,92,100,1.82,RU,1593976706
146,victoria,22.29,114.16,302.04,79,100,3.58,HK,1593976706
147,zhigansk,66.77,123.37,279.31,70,0,5.86,RU,1593976706
148,atar,20.52,-13.05,316.71,8,3,6.29,MR,1593976706
149,aksha,50.28,113.29,285.53,74,43,1.45,RU,1593976707
150,barrow,71.29,-156.79,279.15,66,1,4.6,US,1593976707
151,kulu,39.1,33.08,299.51,28,0,5.49,TR,1593976707
152,cabedelo,-6.98,-34.83,297.15,100,75,3.1,BR,1593976707
153,shenjiamen,29.96,122.3,297.89,95,100,6.45,CN,1593976707
154,mhlume,-26.03,31.85,289.08,32,0,0.39,SZ,1593976707
155,cherskiy,68.75,161.3,285.3,79,100,3.53,RU,1593976707
156,ossora,59.24,163.07,282.74,86,87,1.59,RU,1593976707
157,avarua,-21.21,-159.78,295.15,88,96,2.1,CK,1593976707
158,severo-kurilsk,50.68,156.12,282.86,89,11,1.9,RU,1593976708
159,pevek,69.7,170.31,280.48,64,42,1.09,RU,1593976708
160,xining,36.62,101.77,285.41,67,35,1.2,CN,1593976708
161,brae,60.4,-1.35,284.15,87,100,7.7,GB,1593976708
162,roebourne,-20.78,117.13,292.44,55,0,4.37,AU,1593976708
163,ostersund,63.18,14.64,281.15,87,100,4.6,SE,1593976708
164,lebu,-37.62,-73.65,283.22,67,70,0.43,CL,1593976708
165,oistins,13.07,-59.53,303.15,70,75,9.3,BB,1593976708
166,bundaberg,-24.85,152.35,282.59,66,100,2.1,AU,1593976585
167,bulawayo,-20.15,28.58,284.32,44,0,2.43,ZW,1593976709
168,gatton,-27.55,152.28,280.37,83,15,0.98,AU,1593976709
169,mahebourg,-20.41,57.7,296.15,83,75,4.1,MU,1593976709
170,yerbogachen,61.28,108.01,283.19,69,100,0.42,RU,1593976709
171,airai,-8.93,125.41,285.82,100,12,1.85,TL,1593976709
172,nome,64.5,-165.41,288.71,76,90,3.6,US,1593976491
173,bengkulu,-3.8,102.27,298.35,79,71,2.25,ID,1593976710
174,pandan,14.05,124.17,299.91,85,64,3.1,PH,1593976710
175,quatre cocos,-20.21,57.76,296.15,83,75,4.1,MU,1593976710
176,jacareacanga,-6.22,-57.75,308.21,35,19,1.59,BR,1593976711
177,villa constitucion,-33.23,-60.33,289.26,31,0,0.45,AR,1593976711
178,leningradskiy,69.38,178.42,280.81,74,30,4.65,RU,1593976711
179,taybad,34.74,60.78,297.53,21,0,8.65,IR,1593976711
180,hervey bay,-25.3,152.85,282.59,74,100,2.68,AU,1593976711
181,knysna,-34.04,23.05,288.15,77,98,1.0,ZA,1593976711
182,mujiayingzi,42.12,118.78,291.59,76,100,2.85,CN,1593976711
183,la ronge,55.1,-105.28,291.15,82,90,4.1,CA,1593976711
184,bo rai,12.57,102.54,297.58,88,22,0.55,TH,1593976712
185,mulege,26.88,-111.98,308.89,35,0,5.28,MX,1593976712
186,tilichiki,60.47,166.1,280.79,94,86,2.35,RU,1593976712
187,torbay,47.67,-52.73,284.26,87,90,6.7,CA,1593976712
188,sfantu gheorghe,45.87,25.78,294.82,80,57,0.33,RO,1593976712
189,guerrero negro,27.98,-114.06,299.9,48,0,6.65,MX,1593976712
190,tortosa,40.81,0.52,298.15,72,0,0.45,ES,1593976712
191,faya,18.39,42.45,296.15,77,21,1.5,SA,1593976712
192,ankara,39.92,32.85,303.15,33,0,2.1,TR,1593976712
193,hilo,19.73,-155.09,301.15,65,40,3.6,US,1593976569
194,coquimbo,-29.95,-71.34,288.15,72,83,5.7,CL,1593976485
195,pushkinskiye gory,57.02,28.91,290.37,96,0,3.38,RU,1593976713
196,mar del plata,-38.0,-57.56,284.15,62,75,3.6,AR,1593976713
197,snasa,64.25,12.38,292.15,42,100,5.7,NO,1593976713
198,antofagasta,-23.65,-70.4,289.15,72,20,5.7,CL,1593976443
199,ancud,-41.87,-73.82,283.71,81,20,3.6,CL,1593976713
200,lamphun,18.25,98.92,299.15,83,20,1.0,TH,1593976713
201,santa maria,-29.68,-53.81,290.15,100,75,1.5,BR,1593976448
202,east london,-33.02,27.91,291.09,69,100,5.18,ZA,1593976675
203,kristiansund,63.11,7.73,288.15,58,75,11.8,NO,1593976713
204,kruisfontein,-34.0,24.73,286.12,94,100,3.25,ZA,1593976714
205,pisco,-13.7,-76.22,291.15,82,40,2.1,PE,1593976714
206,verkhnevilyuysk,63.45,120.32,284.58,62,100,1.57,RU,1593976714
207,tecoanapa,16.52,-98.75,304.03,59,45,4.51,MX,1593976714
208,pitimbu,-7.47,-34.81,297.15,100,75,3.1,BR,1593976714
209,severnyy,50.68,36.55,297.15,73,3,5.0,RU,1593976714
210,cockburn town,21.46,-71.14,304.15,62,40,4.6,TC,1593976714
211,suruc,36.98,38.42,304.15,19,0,2.6,TR,1593976714
212,semypolky,50.72,30.93,295.15,68,0,2.0,UA,1593976714
213,fort nelson,58.81,-122.7,292.15,55,75,3.1,CA,1593976715
214,fortuna,40.6,-124.16,292.59,67,1,6.2,US,1593976715
215,hudson bay,52.85,-102.38,294.83,69,52,0.63,CA,1593976715
216,berlevag,70.86,29.09,281.15,93,90,3.6,NO,1593976715
217,tuatapere,-46.13,167.68,281.45,91,100,1.24,NZ,1593976715
218,turki,51.99,43.27,295.67,55,96,2.43,RU,1593976715
219,ewa beach,21.32,-158.01,300.15,69,20,2.6,US,1593976715
220,vao,-22.67,167.48,293.38,60,85,5.17,NC,1593976715
221,sibolga,1.74,98.78,298.5,80,14,1.61,ID,1593976715
222,bowmore,34.94,-79.3,307.15,49,1,4.1,US,1593976716
223,nizhniy kuranakh,58.84,125.49,282.09,87,84,1.24,RU,1593976716
224,mecca,21.43,39.83,303.98,28,0,2.71,SA,1593976716
225,lasa,46.62,10.7,294.15,52,20,1.0,IT,1593976716
226,nuoro,40.32,9.33,302.15,51,20,2.1,IT,1593976716
227,nishihara,26.18,127.76,301.15,88,75,8.2,JP,1593976716
228,itarema,-2.92,-39.92,301.49,66,0,5.82,BR,1593976716
229,turrialba,9.9,-83.68,300.15,57,75,5.7,CR,1593976514
230,stonewall,50.13,-97.33,300.93,78,75,3.1,CA,1593976716
231,taoudenni,22.68,-3.98,314.63,7,0,5.27,ML,1593976717
232,dingle,11.0,122.67,297.9,89,28,1.44,PH,1593976717
233,jerusalen,-2.69,-78.93,296.15,43,75,2.6,EC,1593976717
234,jiaojiang,28.68,121.44,300.93,100,100,2.13,CN,1593976717
235,lakes entrance,-37.88,147.98,282.04,90,100,5.53,AU,1593976717
236,saint-georges,12.06,-61.75,304.15,66,75,7.2,GD,1593976717
237,fare,-16.7,-151.02,299.49,75,42,8.78,PF,1593976717
238,yining,29.04,114.56,297.99,91,100,1.08,CN,1593976717
239,vallenar,-28.57,-70.76,295.15,23,0,2.05,CL,1593976717
240,tres arroyos,-38.37,-60.28,281.57,68,51,4.88,AR,1593976718
241,springfield,37.22,-93.3,304.26,48,40,4.6,US,1593976442
242,bokoro,12.38,17.06,301.47,59,86,2.52,TD,1593976718
243,tautira,-17.73,-149.15,301.15,65,20,2.1,PF,1593976718
244,cervo,43.67,-7.41,292.59,83,100,2.68,ES,1593976718
245,margate,51.38,1.39,292.59,45,9,1.79,GB,1593976718
246,ous,60.91,61.52,289.68,95,3,1.92,RU,1593976718
247,san luis obispo,35.28,-120.66,305.37,37,1,8.7,US,1593976503
248,siverek,37.76,39.32,304.15,19,0,2.6,TR,1593976718
249,sao felix do xingu,-6.64,-51.99,306.33,37,39,2.67,BR,1593976719
250,orlik,52.52,99.83,286.26,84,100,0.69,RU,1593976719
251,asau,46.43,26.4,292.04,83,0,1.55,RO,1593976719
252,clyde river,70.47,-68.59,278.15,86,90,7.2,CA,1593976719
253,ahuimanu,21.44,-157.84,301.48,69,20,1.5,US,1593976719
254,henties bay,-22.12,14.28,292.79,38,0,5.72,NA,1593976719
255,vardo,70.37,31.11,281.15,100,75,6.2,NO,1593976719
256,chuy,-33.7,-53.46,285.26,79,91,4.81,UY,1593976719
257,ust-kalmanka,52.12,83.31,288.96,78,5,2.4,RU,1593976719
258,lorengau,-2.02,147.27,299.99,85,100,5.24,PG,1593976719
259,denizli,37.84,29.07,302.15,28,75,2.6,TR,1593976720
260,kamyshlov,56.84,62.71,289.51,91,100,2.4,RU,1593976720
261,lata,40.16,-8.33,303.71,46,0,2.1,PT,1593976720
262,fasa,28.94,53.65,302.15,16,0,2.04,IR,1593976720
263,nakusp,50.25,-117.8,298.07,29,0,0.87,CA,1593976720
264,dzhebariki-khaya,62.22,135.8,283.77,91,99,0.99,RU,1593976720
265,yumen,40.28,97.2,297.54,18,100,5.8,CN,1593976720
266,hofn,64.25,-15.21,282.7,74,28,6.18,IS,1593976720
267,north bend,43.41,-124.22,292.59,63,75,5.1,US,1593976720
268,miroslav,48.95,16.31,301.48,60,27,2.6,CZ,1593976721
269,chokurdakh,70.63,147.92,278.09,79,100,5.64,RU,1593976721
270,smithers,54.78,-127.17,288.15,72,90,1.0,CA,1593976721
271,galveston,29.37,-94.97,307.04,62,1,9.8,US,1593976515
272,acurenam,1.03,10.65,293.41,97,100,2.41,GQ,1593976721
273,jiuquan,39.74,98.52,294.78,22,0,1.66,CN,1593976721
274,north platte,41.12,-100.77,304.26,45,1,4.03,US,1593976721
275,vryburg,-26.96,24.73,280.86,54,0,1.46,ZA,1593976721
276,yeppoon,-23.13,150.73,282.15,76,100,0.5,AU,1593976722
277,lumphat,13.49,106.98,296.53,97,100,0.59,KH,1593976722
278,yar-sale,66.83,70.83,288.94,64,0,0.27,RU,1593976722
279,kaeo,-35.1,173.78,284.82,3,88,3.89,NZ,1593976722
280,maniitsoq,65.42,-52.9,277.51,93,100,6.12,GL,1593976722
281,blacksburg,37.23,-80.41,307.04,54,75,3.1,US,1593976597
282,muroto,33.28,134.15,297.08,92,100,5.4,JP,1593976657
283,phek,25.67,94.5,290.52,100,100,0.62,IN,1593976722
284,presidencia roque saenz pena,-26.79,-60.44,295.67,54,9,4.52,AR,1593976722
285,kieta,-6.22,155.63,299.09,72,100,2.0,PG,1593976723
286,mount isa,-20.73,139.5,281.15,45,0,2.6,AU,1593976723
287,salalah,17.02,54.09,301.15,94,75,2.6,OM,1593976723
288,ahipara,-35.17,173.17,285.9,85,100,5.1,NZ,1593976723
289,bonfim,3.08,-59.95,304.68,58,25,2.9,BR,1593976723
290,bulgan,48.81,103.53,286.69,77,84,1.08,MN,1593976723
291,iquitos,-3.75,-73.25,303.15,70,75,1.0,PE,1593976723
292,otane,-39.88,176.63,282.59,90,100,2.24,NZ,1593976723
293,vestmanna,62.16,-7.17,282.15,81,100,11.8,FO,1593976724
294,puerto parra,6.65,-74.06,301.15,78,75,3.1,CO,1593976724
295,nemuro,43.32,145.57,286.73,95,42,4.41,JP,1593976724
296,at-bashi,41.17,75.81,282.75,49,0,0.82,KG,1593976724
297,kavaratti,10.57,72.64,301.48,79,78,5.13,IN,1593976724
298,huangpi,30.88,114.38,299.15,94,20,2.0,CN,1593976724
299,mandera,3.94,41.87,302.26,43,96,6.9,KE,1593976724
300,tigre,-34.43,-58.58,287.15,58,20,5.1,AR,1593976724
301,pangnirtung,66.15,-65.71,280.15,93,90,1.5,CA,1593976724
302,beyneu,45.32,55.2,304.5,19,0,4.41,KZ,1593976725
303,shache,38.42,77.24,296.61,32,100,4.52,CN,1593976725
304,kirakira,-10.45,161.92,298.98,83,100,4.27,SB,1593976725
305,manggar,-2.88,108.27,299.75,86,62,4.12,ID,1593976725
306,bose,45.46,8.01,299.26,71,0,0.34,IT,1593976725
307,charters towers,-20.1,146.27,282.77,50,0,3.86,AU,1593976725
308,dawlatabad,36.41,64.91,297.95,20,0,2.95,AF,1593976725
309,portland,45.52,-122.68,295.37,56,20,2.1,US,1593976684
310,fairbanks,64.84,-147.72,294.26,52,1,2.21,US,1593976447
311,carnduff,49.17,-101.8,297.59,69,40,2.24,CA,1593976725
312,sitka,57.05,-135.33,286.15,82,90,3.1,US,1593976430
313,richards bay,-28.78,32.04,290.23,69,0,1.76,ZA,1593976726
314,saint anthony,45.02,-93.22,307.04,58,40,5.1,US,1593976726
315,sainte-adele,45.95,-74.13,300.93,47,75,1.0,CA,1593976726
316,narsaq,60.92,-46.05,283.15,66,75,3.6,GL,1593976726
317,rio gallegos,-51.62,-69.22,267.15,100,2,1.5,AR,1593976726
318,la baneza,42.3,-5.9,303.15,28,20,0.5,ES,1593976726
319,kralendijk,12.15,-68.27,304.15,55,75,6.2,BQ,1593976470
320,westport,41.14,-73.36,305.93,54,1,4.6,US,1593976495
321,souillac,-20.52,57.52,296.15,83,75,4.1,MU,1593976727
322,mundo nuevo,18.7,-95.5,300.16,78,100,2.4,MX,1593976727
323,burnie,-41.07,145.92,282.04,75,65,2.68,AU,1593976727
324,hay river,60.82,-115.8,289.15,63,75,4.6,CA,1593976514
325,saint george,37.1,-113.58,309.15,13,1,3.1,US,1593976541
326,humaita,-7.51,-63.02,305.47,52,100,0.91,BR,1593976727
327,katobu,-4.94,122.53,296.61,91,46,2.84,ID,1593976727
328,asfi,32.3,-9.24,299.48,50,0,8.2,MA,1593976727
329,dakar,14.69,-17.44,302.15,62,20,5.1,SN,1593976184
330,broken hill,-31.95,141.43,277.15,86,40,3.44,AU,1593976728
331,pemberton,50.32,-122.8,292.15,48,20,1.5,CA,1593976728
332,gamba,-2.65,10.0,295.34,87,100,2.25,GA,1593976728
333,mocuba,-16.84,36.99,288.82,87,0,0.98,MZ,1593976728
334,fengzhen,40.44,113.15,290.82,64,2,0.38,CN,1593976728
335,helong,42.54,129.0,289.07,86,13,1.47,CN,1593976728
336,axim,4.87,-2.24,297.9,86,16,3.71,GH,1593976501
337,miri,4.41,114.01,299.15,94,40,1.91,MY,1593976486
338,mariinsk,56.21,87.75,288.34,92,0,0.6,RU,1593976728
339,praia da vitoria,38.73,-27.07,296.15,83,75,3.95,PT,1593976729
340,san carlos,9.66,-68.58,304.06,61,9,2.01,VE,1593976729
341,porto novo,6.5,2.6,300.15,83,20,6.2,BJ,1593976729
342,gigmoto,13.78,124.39,300.33,83,90,3.16,PH,1593976729
343,toktogul,41.87,72.94,288.59,53,62,0.41,KG,1593976729
344,ixtapa,20.7,-105.2,305.37,66,40,4.6,MX,1593976596
345,nikolayevsk-na-amure,53.14,140.73,283.8,90,77,1.42,RU,1593976486
346,salinas,36.68,-121.66,297.04,53,1,6.2,US,1593976729
347,brewer,44.8,-68.76,293.71,72,90,5.1,US,1593976549
348,kenai,60.55,-151.26,289.15,82,90,6.7,US,1593976730
349,kailua,21.4,-157.74,301.48,69,20,1.5,US,1593976730
350,agogo,6.8,-1.08,295.81,88,96,1.32,GH,1593976730
351,kijang,35.24,129.21,294.15,83,75,2.1,KR,1593976625
352,kindu,-2.95,25.95,298.75,50,89,0.82,CD,1593976730
353,pringsewu,-5.36,104.97,295.79,93,15,0.1,ID,1593976730
354,jardim,-21.48,-56.14,296.16,60,100,1.1,BR,1593976730
355,inta,66.03,60.17,288.35,87,0,2.11,RU,1593976730
356,manacapuru,-3.3,-60.62,303.15,66,40,1.5,BR,1593976730
357,makakilo city,21.35,-158.09,300.15,69,20,2.6,US,1593976730
358,garowe,8.41,48.48,301.36,44,95,9.05,SO,1593976731
359,morant bay,17.88,-76.41,304.26,66,20,9.3,JM,1593976731
360,bethel,41.37,-73.41,304.82,33,1,2.6,US,1593976472
361,santa fe,-31.63,-60.7,290.93,39,0,1.79,AR,1593976512
362,mingaora,34.78,72.36,295.46,47,0,2.68,PK,1593976731
363,ekhabi,53.51,142.97,284.0,96,98,2.58,RU,1593976731
364,arroyo,41.61,-4.8,304.82,23,0,3.1,ES,1593976731
365,isangel,-19.55,169.27,295.08,82,24,6.26,VU,1593976731
366,jurm,36.86,70.83,290.51,32,0,0.53,AF,1593976731
367,mogok,22.92,96.5,292.12,100,100,1.57,MM,1593976731
368,huilong,31.81,121.66,298.71,99,100,3.45,CN,1593976731
369,port hedland,-20.32,118.57,289.15,32,0,4.6,AU,1593976732
370,eresos,39.17,25.93,302.15,62,0,1.0,GR,1593976732
371,exeter,50.72,-3.53,288.71,67,99,0.89,GB,1593976693
372,namibe,-15.2,12.15,294.87,65,0,3.51,AO,1593976732
373,west point,33.61,-88.65,305.15,62,20,3.1,US,1593976732
374,poronaysk,49.22,143.12,288.84,83,97,1.81,RU,1593976595
375,andros town,24.7,-77.77,304.15,66,75,2.1,BS,1593976732
376,san ignacio,17.16,-89.07,304.15,70,75,2.1,BZ,1593976732
377,boa vista,2.82,-60.67,304.15,58,40,4.1,BR,1593976732
378,nantucket,41.28,-70.1,295.93,88,90,3.6,US,1593976733
379,thurso,58.59,-3.53,284.26,81,24,8.2,GB,1593976733
380,manokwari,-0.87,134.08,299.52,68,87,1.86,ID,1593976733
381,sur,22.57,59.53,306.21,59,100,5.84,OM,1593976733
382,dong hoi,17.48,106.6,300.12,82,17,2.43,VN,1593976733
383,wagar,16.15,36.2,304.3,50,91,16.43,SD,1593976733
384,udgir,18.38,77.12,295.42,91,100,7.71,IN,1593976514
385,constitucion,-35.33,-72.42,284.97,75,51,2.78,CL,1593976733
386,akdepe,42.06,59.38,299.15,33,0,3.1,TM,1593976733
387,diplo,24.47,69.58,305.3,66,98,5.97,PK,1593976734
388,bairnsdale,-37.83,147.62,282.04,90,100,3.04,AU,1593976734
389,tocopilla,-22.09,-70.2,291.99,52,87,1.34,CL,1593976734
390,yanam,16.73,82.22,298.36,85,100,4.38,IN,1593976734
391,alta floresta,-9.88,-56.09,309.15,28,75,3.1,BR,1593976734
392,klaksvik,62.23,-6.59,282.15,81,100,11.8,FO,1593976734
393,sao filipe,14.9,-24.5,296.84,79,42,6.86,CV,1593976734
394,arman,59.7,150.17,283.64,81,100,1.77,RU,1593976734
395,kargasok,59.06,80.86,288.43,93,33,3.18,RU,1593976734
396,ryabovo,59.4,31.13,291.15,88,75,5.0,RU,1593976734
397,nouadhibou,20.93,-17.03,296.15,73,0,9.3,MR,1593976734
398,kerema,-7.96,145.78,297.61,87,95,2.19,PG,1593976735
399,banjar,-8.19,114.97,300.15,100,75,5.1,ID,1593976735
400,ostrovnoy,68.05,39.51,284.98,84,100,4.17,RU,1593976735
401,port blair,11.67,92.75,301.09,81,100,5.6,IN,1593976735
402,gubkinskiy,64.43,76.5,289.29,69,27,1.15,RU,1593976735
403,comodoro rivadavia,-45.87,-67.5,276.15,93,90,1.0,AR,1593976501
404,nichinan,31.6,131.37,296.76,91,100,2.57,JP,1593976735
405,abu samrah,35.3,37.18,301.72,36,0,4.44,SY,1593976735
406,marau,-28.45,-52.2,291.45,90,100,2.86,BR,1593976612
407,parsons,37.34,-95.26,306.15,52,20,3.1,US,1593976735
408,vila franca do campo,37.72,-25.43,295.15,78,40,5.7,PT,1593976736
409,ust-maya,60.42,134.53,282.46,94,91,1.03,RU,1593976736
410,cuyo,10.85,121.01,302.2,67,44,0.96,PH,1593976736
411,vilhena,-12.74,-60.15,304.15,45,40,4.1,BR,1593976736
412,mehamn,71.04,27.85,281.15,93,90,5.1,NO,1593976736
413,ardakan,32.31,54.02,303.15,12,16,5.1,IR,1593976736
414,la primavera,5.49,-70.41,301.64,78,100,3.97,CO,1593976736
415,maltahohe,-24.83,16.98,284.4,40,0,2.32,NA,1593976736
416,frome,51.23,-2.32,288.15,67,95,1.34,GB,1593976733
417,londiani,-0.17,35.59,286.1,92,97,0.72,KE,1593976737
418,padang,-0.95,100.35,298.95,78,35,2.36,ID,1593976737
419,tawang,27.58,91.87,286.4,75,98,0.9,IN,1593976737
420,talnakh,69.49,88.4,287.15,93,40,4.0,RU,1593976737
421,kirovskiy,45.09,133.51,290.04,94,100,2.3,RU,1593976737
422,hambantota,6.12,81.12,300.15,94,75,4.1,LK,1593976737
423,palermo,37.82,13.58,298.15,64,19,0.45,IT,1593976737
424,vaitape,-16.52,-151.75,299.73,78,18,9.45,PF,1593976737
425,tiksi,71.69,128.87,273.79,95,100,5.74,RU,1593976737
426,meybod,32.25,54.02,303.15,12,0,5.1,IR,1593976737
427,codrington,-38.27,141.97,283.46,89,98,3.76,AU,1593976738
428,shieli,44.17,66.75,293.68,44,0,3.36,KZ,1593976738
429,biak,-0.91,122.88,297.53,82,54,2.74,ID,1593976738
430,meulaboh,4.14,96.13,299.8,87,44,2.47,ID,1593976738
431,nanortalik,60.14,-45.24,277.91,83,99,4.34,GL,1593976738
432,kloulklubed,7.04,134.26,299.15,88,90,4.17,PW,1593976738
433,lavrentiya,65.58,-171.0,281.62,82,100,2.82,RU,1593976738
434,gornopravdinsk,60.05,69.9,290.4,65,70,0.94,RU,1593976738
435,abashiri,44.02,144.27,292.04,74,98,0.89,JP,1593976542
436,deputatskiy,69.3,139.9,280.64,66,100,1.38,RU,1593976739
437,hovd,48.01,91.64,290.3,56,29,2.46,MN,1593976739
438,lewiston,44.1,-70.21,293.15,88,90,3.6,US,1593976739
439,alofi,-19.06,-169.92,296.15,94,37,4.6,NU,1593976739
440,dunedin,-45.87,170.5,281.48,91,100,1.67,NZ,1593976739
441,kapoeta,4.77,33.59,300.91,48,100,1.26,SS,1593976739
442,tobetsu,43.22,141.52,289.26,97,29,1.34,JP,1593976739
443,sarangarh,21.6,83.08,299.91,81,100,4.89,IN,1593976740
444,port lincoln,-34.73,135.87,285.9,73,100,1.29,AU,1593976740
445,muisne,0.6,-80.03,302.15,79,20,3.1,EC,1593976740
446,calama,-22.47,-68.93,292.15,6,3,6.7,CL,1593976740
447,luderitz,-26.65,15.16,295.15,41,0,3.6,NA,1593976587
448,fene,43.45,-8.15,292.59,93,90,5.7,ES,1593976658
449,turayf,31.67,38.66,305.15,40,0,3.6,SA,1593976741
450,olafsvik,64.89,-23.71,284.81,67,70,3.46,IS,1593976741
451,kampot,10.62,104.18,302.15,74,40,4.1,KH,1593976742
452,tongliao,43.61,122.27,292.99,89,100,4.14,CN,1593976742
453,dymer,50.79,30.3,294.15,83,0,1.0,UA,1593976742
454,penzance,50.12,-5.54,288.15,72,100,11.3,GB,1593976742
455,baft,29.23,56.61,292.96,52,100,2.89,IR,1593976742
456,pauini,-7.71,-66.98,305.74,49,83,0.59,BR,1593976742
457,sabang,5.89,95.32,302.22,70,0,3.45,ID,1593976742
458,port keats,-14.25,129.55,291.65,48,0,4.81,AU,1593976743
459,miraflores,19.22,-98.81,298.15,38,75,2.6,MX,1593976743
460,novikovo,51.15,37.89,295.87,61,97,0.78,RU,1593976743
461,saldanha,-33.01,17.94,286.15,87,51,1.5,ZA,1593976743
462,chapais,49.78,-74.85,296.15,31,40,4.6,CA,1593976743
463,buxton,53.26,-1.91,285.93,85,85,2.68,GB,1593976622
464,abalak,58.13,68.59,288.08,76,81,0.3,RU,1593976744
465,bandarbeyla,9.49,50.81,299.71,70,0,12.08,SO,1593976744
466,arlit,18.74,7.39,309.89,15,0,3.84,NE,1593976702
467,rybnik,50.1,18.54,297.59,69,35,2.53,PL,1593976744
468,yongan,39.7,113.69,290.79,65,0,1.6,CN,1593976744
469,kyabram,-36.32,145.05,277.97,92,0,4.15,AU,1593976744
470,korla,41.76,86.15,305.37,51,100,1.79,CN,1593976503
471,gorodishche,48.8,44.47,300.15,22,0,6.0,RU,1593976744
472,sinnamary,5.38,-52.95,300.0,83,100,4.03,GF,1593976744
473,oranjestad,12.52,-70.03,304.15,66,40,8.2,AW,1593976745
474,chumikan,54.72,135.31,281.14,93,100,2.6,RU,1593976745
475,aswan,24.09,32.91,306.62,14,0,5.51,EG,1593976745
476,cidreira,-30.18,-50.21,290.41,95,100,2.1,BR,1593976745
477,juan lacaze,-34.43,-57.44,284.15,76,20,4.1,UY,1593976745
478,japura,-0.32,102.35,296.52,97,70,1.0,ID,1593976745
479,magomeni,-6.8,39.25,295.15,83,20,2.6,TZ,1593976745
480,grand-lahou,5.14,-5.02,298.06,83,64,4.24,CI,1593976745
481,sabha,27.04,14.43,305.04,18,0,2.02,LY,1593976745
482,palmas,-10.21,-48.36,306.15,31,0,4.1,BR,1593976746
483,ginda,30.69,78.49,292.26,76,71,1.13,IN,1593976746
484,nhamunda,-2.19,-56.71,306.11,51,60,1.9,BR,1593976746
485,sioux lookout,50.1,-91.92,303.15,48,75,3.1,CA,1593976746
486,maceio,-9.67,-35.74,296.15,94,75,5.1,BR,1593976746
487,bonthe,7.53,-12.51,298.29,82,97,2.99,SL,1593976746
488,lagoa,39.05,-27.98,293.97,89,52,4.66,PT,1593976746
489,skjervoy,70.03,20.97,282.15,81,75,3.6,NO,1593976686
490,oksfjord,70.24,22.35,282.15,81,75,3.6,NO,1593976747
491,wairoa,-39.03,177.37,284.82,87,100,0.89,NZ,1593976747
492,waingapu,-9.66,120.26,297.14,82,8,6.57,ID,1593976747
493,campbell river,50.02,-125.24,292.15,55,40,2.6,CA,1593976747
494,ejura,7.39,-1.36,296.66,93,92,1.62,GH,1593976747
495,atambua,-9.11,124.89,293.1,85,1,2.64,ID,1593976748
496,gdov,58.74,27.81,292.44,80,100,8.83,RU,1593976748
497,kiama,-34.68,150.87,282.59,79,0,0.89,AU,1593976748
498,dombarovskiy,50.76,59.54,295.0,67,1,3.83,RU,1593976749
499,killybegs,54.63,-8.45,286.15,82,75,11.8,IE,1593976749
500,sawtell,-30.38,153.1,281.48,87,40,1.0,AU,1593976750
501,casper,42.87,-106.31,302.15,30,1,4.6,US,1593976572
502,cap malheureux,-19.98,57.61,295.37,81,54,4.02,MU,1593976750
503,carauari,-4.88,-66.9,302.42,78,88,0.3,BR,1593976751
504,camacha,33.08,-16.33,295.15,73,40,8.2,PT,1593976751
505,verkhoturye,58.86,60.81,288.74,96,16,1.93,RU,1593976751
506,nalut,30.33,10.85,300.42,29,0,9.93,LY,1593976751
507,qena,26.16,32.72,308.15,26,0,4.1,EG,1593976751
508,hualmay,-11.1,-77.61,291.95,71,100,4.55,PE,1593976751
509,neiafu,-18.65,-173.98,298.15,88,75,4.1,TO,1593976751
510,pavlovka,52.69,47.14,295.54,61,95,1.49,RU,1593976752
511,slyudyanka,51.66,103.71,288.28,79,1,1.67,RU,1593976752
512,san quintin,30.48,-115.95,298.48,52,0,6.29,MX,1593976752
513,belaya gora,68.53,146.42,285.49,64,100,4.2,RU,1593976752
514,sabzevar,36.21,57.68,297.6,20,21,4.33,IR,1593976752
515,pudozh,61.81,36.53,288.34,97,100,3.24,RU,1593976752
516,touros,-5.2,-35.46,300.15,83,75,3.6,BR,1593976752
517,torres,-29.34,-49.73,290.32,90,100,2.0,BR,1593976532
518,camargo,27.67,-105.17,304.42,34,100,1.86,MX,1593976752
519,avera,33.19,-82.53,307.15,38,40,5.7,US,1593976753
520,sayansk,54.11,102.16,288.55,59,1,1.26,RU,1593976753
521,kamaishi,39.27,141.88,292.9,87,83,0.7,JP,1593976753
522,lexington park,38.27,-76.45,305.93,46,20,5.1,US,1593976753
523,sobolevo,54.43,31.9,290.98,90,4,2.41,RU,1593976753
524,bismarck,46.81,-100.78,301.48,58,75,3.1,US,1593976589
525,fevik,58.38,8.68,286.15,76,75,8.2,NO,1593976702
526,prieska,-29.66,22.75,285.11,37,0,1.82,ZA,1593976753
527,bugiri,0.57,33.74,294.12,71,98,2.11,UG,1593976754
528,xichang,27.9,102.26,294.06,79,100,0.34,CN,1593976754
529,dudinka,69.41,86.18,287.15,93,40,4.0,RU,1593976754
530,puerto vallarta,20.62,-105.23,305.37,66,40,4.6,MX,1593976696
531,puerto suarez,-18.95,-57.8,305.15,46,40,4.1,BO,1593976754
532,beruwala,6.48,79.98,300.16,85,100,4.04,LK,1593976754
533,oum hadjer,13.3,19.7,302.5,53,100,5.76,TD,1593976754
534,marienburg,54.04,19.03,295.37,93,75,7.2,PL,1593976754
535,levokumskoye,44.82,44.66,298.04,32,0,4.25,RU,1593976754
536,mayahi,13.96,7.67,308.73,28,4,2.8,NE,1593976754
537,byron bay,-28.65,153.62,281.15,87,67,3.6,AU,1593976728
538,de aar,-30.65,24.01,282.33,44,0,2.16,ZA,1593976755
539,hami,42.8,93.45,302.18,17,100,6.99,CN,1593976755
540,sozimskiy,59.74,52.25,290.97,86,72,1.07,RU,1593976755
541,mino,34.83,135.47,295.93,98,100,6.7,JP,1593976755
542,los llanos de aridane,28.66,-17.92,295.93,78,20,9.3,ES,1593976755
543,grindavik,63.84,-22.43,285.15,76,1,7.7,IS,1593976755
544,whitehaven,54.55,-3.58,286.48,90,100,2.24,GB,1593976755
545,gizo,-8.1,156.84,301.02,76,100,4.2,SB,1593976755
546,coromoro,6.29,-73.04,295.78,70,30,1.47,CO,1593976756
547,villazon,-22.09,-65.59,286.12,22,85,3.35,BO,1593976756
548,saltpond,5.21,-1.06,297.68,88,92,4.43,GH,1593976756
549,bodden town,19.28,-81.25,304.82,74,20,5.7,KY,1593976756
550,wukari,7.85,9.78,297.92,84,100,1.84,NG,1593976756
551,anadyr,64.75,177.48,280.15,93,75,6.0,RU,1593976683
552,guymon,36.68,-101.48,299.15,57,75,5.56,US,1593976488
553,harnosand,62.63,17.94,284.82,93,100,5.1,SE,1593976756
554,suoyarvi,62.08,32.35,287.29,97,83,3.05,RU,1593976756
555,sedro-woolley,48.5,-122.24,295.15,56,20,2.1,US,1593976757
556,santiago del estero,-27.8,-64.26,291.45,40,0,4.71,AR,1593976757
557,homer,59.64,-151.55,290.15,67,1,5.1,US,1593976757
558,sharjah,25.36,55.4,308.15,62,88,1.5,AE,1593976757
559,bangkal,6.07,121.07,298.5,84,27,1.82,PH,1593976757
560,piopio,-38.47,175.02,284.82,90,100,0.89,NZ,1593976757
561,grand-santi,4.25,-54.38,301.12,83,100,2.29,GF,1593976757
562,sheridan,44.83,-106.92,301.15,28,1,3.1,US,1593976600
563,necochea,-38.55,-58.74,282.59,80,28,0.89,AR,1593976757
564,tokur,53.13,132.9,280.62,96,100,1.57,RU,1593976757
